post_id,target_forum,actual_forum,title,content,text,author_name,post_url,redirect_status,review_status,human_labels,notes,pool_file,priority_score,focus_label,suggested_focus,human_labels_normalized,normalization_status
10625243082,高考,抗压背锅,《从霸凌退学到复读裸考：一个社会考生的公办专科之问》,,《从霸凌退学到复读裸考：一个社会考生的公办专科之问》,,https://tieba.baidu.com/p/10625243082,redirected_or_uncertain,pending_review,,来源存疑样本；正文可见；仅作人工复核池，勿直接并入正式训练集,uncertain_redirect_round4_pool.csv,18,violence,academic_context;violence_boundary;abuse_boundary;academic_forum,"academic_stress,anxiety",ok
9337772879,校园霸凌,抗压背锅,从小受到那个集体霸凌，现在怎么说呢？一经常一个人，没有什么朋友,,从小受到那个集体霸凌，现在怎么说呢？一经常一个人，没有什么朋友,,https://tieba.baidu.com/p/9337772879,redirected_or_uncertain,pending_review,,来源存疑样本；正文可见；仅作人工复核池，勿直接并入正式训练集,uncertain_redirect_round4_pool.csv,17,violence,violence_boundary;abuse_boundary;social_withdrawal_boundary;violence_or_abuse_forum,"anxiety,depression,social_withdrawal",ok
10624014741,抑郁症,孙笑川,【260409 倾诉】妹妹4年级在学校被欺负了 现在休学了,,【260409 倾诉】妹妹4年级在学校被欺负了 现在休学了,,https://tieba.baidu.com/p/10624014741,redirected_or_uncertain,pending_review,,来源存疑样本；正文可见；仅作人工复核池，勿直接并入正式训练集,uncertain_redirect_round3_pool.csv,17,violence,academic_context;violence_boundary;abuse_boundary;symptom_forum,anxiety,ok
10555974560,校园霸凌,抗压背锅,我和朋友被校园霸凌转走我一个人感觉好孤独😭😭😭😭😭,,我和朋友被校园霸凌转走我一个人感觉好孤独😭😭😭😭😭,,https://tieba.baidu.com/p/10555974560,redirected_or_uncertain,pending_review,,来源存疑样本；正文可见；仅作人工复核池，勿直接并入正式训练集,uncertain_redirect_round4_pool.csv,17,violence,violence_boundary;abuse_boundary;social_withdrawal_boundary;violence_or_abuse_forum,depression,ok
7745734109,社恐,孙笑川,读书的时候因为社恐，经常被欺负，导致很自卑。,,读书的时候因为社恐，经常被欺负，导致很自卑。,,https://tieba.baidu.com/p/7745734109,redirected_or_uncertain,pending_review,,来源存疑样本；正文可见；仅作人工复核池，勿直接并入正式训练集,uncertain_redirect_round3_pool.csv,17,violence,violence_boundary;abuse_boundary;social_withdrawal_boundary;social_forum,,ok
10367281998,校园霸凌,抗压背锅,被父母打压学校霸凌的人身体处于长期应激紧绷没法专心学习怎么办？,,被父母打压学校霸凌的人身体处于长期应激紧绷没法专心学习怎么办？,,https://tieba.baidu.com/p/10367281998,redirected_or_uncertain,pending_review,,来源存疑样本；正文可见；仅作人工复核池，勿直接并入正式训练集,uncertain_redirect_round4_pool.csv,13,violence,violence_boundary;abuse_boundary;violence_or_abuse_forum,"anxiety,academic_stress",ok
10469334722,校园霸凌,抗压背锅,被霸凌时反击如果老师存在偏袒霸凌者，我应该全盘托出还是死不承认,,被霸凌时反击如果老师存在偏袒霸凌者，我应该全盘托出还是死不承认,,https://tieba.baidu.com/p/10469334722,redirected_or_uncertain,pending_review,,来源存疑样本；正文可见；仅作人工复核池，勿直接并入正式训练集,uncertain_redirect_round4_pool.csv,13,violence,violence_boundary;abuse_boundary;violence_or_abuse_forum,anxiety,ok
9277949233,校园霸凌,抗压背锅,曾经经常长期霸凌过我的人如今年薪百万过的幸福美满，我该怎么释怀,,曾经经常长期霸凌过我的人如今年薪百万过的幸福美满，我该怎么释怀,,https://tieba.baidu.com/p/9277949233,redirected_or_uncertain,pending_review,,来源存疑样本；正文可见；仅作人工复核池，勿直接并入正式训练集,uncertain_redirect_round4_pool.csv,13,violence,violence_boundary;abuse_boundary;violence_or_abuse_forum,"anxiety,depression",ok
10625192167,考研,孙笑川,调剂失败了，但导师这样回复大家怎么看,,调剂失败了，但导师这样回复大家怎么看,,https://tieba.baidu.com/p/10625192167,redirected_or_uncertain,pending_review,,来源存疑样本；正文可见；仅作人工复核池，勿直接并入正式训练集,uncertain_redirect_academic_review_pool.csv,11,academic_stress,academic_context;distress_expression;academic_forum,,ok
10617570595,高考,抗压背锅,娃儿今年高考，感觉好焦虑，也无从帮助,,娃儿今年高考，感觉好焦虑，也无从帮助,,https://tieba.baidu.com/p/10617570595,redirected_or_uncertain,pending_review,,来源存疑样本；正文可见；仅作人工复核池，勿直接并入正式训练集,uncertain_redirect_round4_pool.csv,11,academic_stress,academic_context;distress_expression;academic_forum,"anxiety,academic_stress",ok
10071297332,复读,抗压背锅,复读失败，谨以此帖纪念我挣扎的一年,,复读失败，谨以此帖纪念我挣扎的一年,,https://tieba.baidu.com/p/10071297332,redirected_or_uncertain,pending_review,,来源存疑样本；正文可见；仅作人工复核池，勿直接并入正式训练集,uncertain_redirect_round4_pool.csv,11,academic_stress,academic_context;distress_expression;academic_forum,,ok
10611688846,考研,孙笑川,复试被刷，成功下岸,,复试被刷，成功下岸,,https://tieba.baidu.com/p/10611688846,redirected_or_uncertain,pending_review,,来源存疑样本；正文可见；仅作人工复核池，勿直接并入正式训练集,uncertain_redirect_round3_pool.csv,11,academic_stress,academic_context;distress_expression;academic_forum,"academic_stress,depression",ok
10624994428,考研,孙笑川,二战复试被刷,,二战复试被刷,,https://tieba.baidu.com/p/10624994428,redirected_or_uncertain,pending_review,,来源存疑样本；正文可见；仅作人工复核池，勿直接并入正式训练集,uncertain_redirect_round3_pool.csv,11,academic_stress,academic_context;distress_expression;academic_forum,"academic_stress,anxiety",ok
10384457320,示例高校,孙笑川,转专业焦虑,,转专业焦虑,,https://tieba.baidu.com/p/10384457320,redirected_or_uncertain,pending_review,,来源存疑样本；正文可见；仅作人工复核池，勿直接并入正式训练集,uncertain_redirect_round3_pool.csv,11,academic_stress,academic_context;distress_expression;academic_forum,,ok
10623522914,抑郁症,孙笑川,【260408+倾诉】很孤独没意义的休学生活,,【260408+倾诉】很孤独没意义的休学生活,,https://tieba.baidu.com/p/10623522914,redirected_or_uncertain,pending_review,,来源存疑样本；正文可见；仅作人工复核池，勿直接并入正式训练集,uncertain_redirect_round3_pool.csv,10,academic_stress,academic_context;social_withdrawal_boundary;symptom_forum,"anxiety,depression,social_withdrawal",ok
7603004285,社交焦虑,孙笑川,什么是社交焦虑？如何测试社恐社焦和社死？,,什么是社交焦虑？如何测试社恐社焦和社死？,,https://tieba.baidu.com/p/7603004285,redirected_or_uncertain,pending_review,,来源存疑样本；正文可见；仅作人工复核池，勿直接并入正式训练集,uncertain_redirect_round3_pool.csv,10,social_withdrawal,distress_expression;social_withdrawal_boundary;social_forum,,ok
10580410269,社恐,孙笑川,死要面子活受罪，社恐人太难受了,,死要面子活受罪，社恐人太难受了,,https://tieba.baidu.com/p/10580410269,redirected_or_uncertain,pending_review,,来源存疑样本；正文可见；仅作人工复核池，勿直接并入正式训练集,uncertain_redirect_round3_pool.csv,10,social_withdrawal,distress_expression;social_withdrawal_boundary;social_forum,"anxiety,social_withdrawal",ok
10609136836,焦虑症,孙笑川,焦虑症其实是一个人心理进修之路,,焦虑症其实是一个人心理进修之路,,https://tieba.baidu.com/p/10609136836,redirected_or_uncertain,pending_review,,来源存疑样本；正文可见；仅作人工复核池，勿直接并入正式训练集,uncertain_redirect_review_pool.csv,9,social_withdrawal,distress_expression;social_withdrawal_boundary;symptom_forum,,ok
10624673263,焦虑,抗压背锅,焦虑过度·热闹与光鲜背后藏着无数不为人知的情绪与孤独，你说来吧,,焦虑过度·热闹与光鲜背后藏着无数不为人知的情绪与孤独，你说来吧,,https://tieba.baidu.com/p/10624673263,redirected_or_uncertain,pending_review,,来源存疑样本；正文可见；仅作人工复核池，勿直接并入正式训练集,uncertain_redirect_round3_pool.csv,8,social_withdrawal,distress_expression;social_withdrawal_boundary,,ok
10612455020,考研,孙笑川,26考研二战失败经验贴，已经准备调剂了,,26考研二战失败经验贴，已经准备调剂了,,https://tieba.baidu.com/p/10612455020,redirected_or_uncertain,pending_review,,来源存疑样本；正文可见；仅作人工复核池，勿直接并入正式训练集,uncertain_redirect_round3_pool.csv,8,academic_stress,academic_context;distress_expression;academic_forum;possible_info_post,abuse,ok
10607100158,考研,孙笑川,终于结束了，双非二本上岸c9,,终于结束了，双非二本上岸c9,,https://tieba.baidu.com/p/10607100158,redirected_or_uncertain,pending_review,,来源存疑样本；正文可见；仅作人工复核池，勿直接并入正式训练集,uncertain_redirect_academic_review_pool.csv,8,self_harm,self_harm_boundary;academic_forum,,ok
10368314549,家暴,孙笑川,我愿意减阳寿换我爸爸去死,,我愿意减阳寿换我爸爸去死,,https://tieba.baidu.com/p/10368314549,redirected_or_uncertain,pending_review,,来源存疑样本；正文可见；仅作人工复核池，勿直接并入正式训练集,uncertain_redirect_review_pool.csv,8,self_harm,self_harm_boundary;violence_or_abuse_forum,"anxiety,violence,abuse",ok
10618127160,考研,孙笑川,蓝开基础结束强化怎么学,,蓝开基础结束强化怎么学,,https://tieba.baidu.com/p/10618127160,redirected_or_uncertain,pending_review,,来源存疑样本；正文可见；仅作人工复核池，勿直接并入正式训练集,uncertain_redirect_round3_pool.csv,8,self_harm,self_harm_boundary;academic_forum,,ok
10610481841,示例高校,孙笑川,好想死啊。。。,,好想死啊。。。,,https://tieba.baidu.com/p/10610481841,redirected_or_uncertain,pending_review,,来源存疑样本；正文可见；仅作人工复核池，勿直接并入正式训练集,uncertain_redirect_round3_pool.csv,8,self_harm,self_harm_boundary;academic_forum,,ok
10592290529,复读,抗压背锅,【复读加油】复读初三剩两个月只能考200多现在每天努力还有希望吗？,,【复读加油】复读初三剩两个月只能考200多现在每天努力还有希望吗？,,https://tieba.baidu.com/p/10592290529,redirected_or_uncertain,pending_review,,来源存疑样本；正文可见；仅作人工复核池，勿直接并入正式训练集,uncertain_redirect_round4_pool.csv,7,academic_stress,academic_context;academic_forum,"academic_stress,anxiety",ok
5822403854,复读,抗压背锅,11月就满27岁了，进复读班几天了，像听天书一样，坚持不下去了,,11月就满27岁了，进复读班几天了，像听天书一样，坚持不下去了,,https://tieba.baidu.com/p/5822403854,redirected_or_uncertain,pending_review,,来源存疑样本；正文可见；仅作人工复核池，勿直接并入正式训练集,uncertain_redirect_round4_pool.csv,7,academic_stress,academic_context;academic_forum,"academic_stress,anxiety",ok
10596359555,考研,孙笑川,我已急哭，06年的小姑娘已经研究生上岸，04年的我还要重读大三,,我已急哭，06年的小姑娘已经研究生上岸，04年的我还要重读大三,,https://tieba.baidu.com/p/10596359555,redirected_or_uncertain,pending_review,,来源存疑样本；正文可见；仅作人工复核池，勿直接并入正式训练集,uncertain_redirect_round3_pool.csv,7,academic_stress,academic_context;academic_forum,"academic_stress,anxiety",ok
5666263503,复读,抗压背锅,像我这种26岁的人还想复习一年，27岁去参加高考，会不会太那,,像我这种26岁的人还想复习一年，27岁去参加高考，会不会太那,,https://tieba.baidu.com/p/5666263503,redirected_or_uncertain,pending_review,,来源存疑样本；正文可见；仅作人工复核池，勿直接并入正式训练集,uncertain_redirect_round4_pool.csv,7,academic_stress,academic_context;academic_forum,"academic_stress,anxiety",ok
6248486756,复读,抗压背锅,湖北理科考生572（本一505），高考不理想，报的武汉双非一,,湖北理科考生572（本一505），高考不理想，报的武汉双非一,,https://tieba.baidu.com/p/6248486756,redirected_or_uncertain,pending_review,,来源存疑样本；正文可见；仅作人工复核池，勿直接并入正式训练集,uncertain_redirect_round4_pool.csv,7,academic_stress,academic_context;academic_forum,"academic_stress,anxiety",ok
5581581932,研究生,抗压背锅,保研能退学考研吗？去年9月保研本校，末流985，本科专业自动,,保研能退学考研吗？去年9月保研本校，末流985，本科专业自动,,https://tieba.baidu.com/p/5581581932,redirected_or_uncertain,pending_review,,来源存疑样本；正文可见；仅作人工复核池，勿直接并入正式训练集,uncertain_redirect_round5_pool.csv,7,academic_stress,academic_context;academic_forum,,ok
10554186326,社恐,孙笑川,相亲被家里人管着，控制欲极强，啥事都要盯着你做,,相亲被家里人管着，控制欲极强，啥事都要盯着你做,,https://tieba.baidu.com/p/10554186326,redirected_or_uncertain,pending_review,,来源存疑样本；正文可见；仅作人工复核池，勿直接并入正式训练集,uncertain_redirect_round3_pool.csv,7,abuse,abuse_boundary;social_forum,depression,ok
10621987751,社恐,孙笑川,涨了1斤半 饮食得控制了,,涨了1斤半 饮食得控制了,,https://tieba.baidu.com/p/10621987751,redirected_or_uncertain,pending_review,,来源存疑样本；正文可见；仅作人工复核池，勿直接并入正式训练集,uncertain_redirect_round3_pool.csv,7,abuse,abuse_boundary;social_forum,,ok
6208850235,强迫症,抗压背锅,生不如死就赶紧去死,,生不如死就赶紧去死,,https://tieba.baidu.com/p/6208850235,redirected_or_uncertain,pending_review,,来源存疑样本；正文可见；仅作人工复核池，勿直接并入正式训练集,uncertain_redirect_round5_pool.csv,7,self_harm,self_harm_boundary;symptom_forum,abuse,ok
10615488889,焦虑症,孙笑川,你们有没有濒死感,,你们有没有濒死感,,https://tieba.baidu.com/p/10615488889,redirected_or_uncertain,pending_review,,来源存疑样本；正文可见；仅作人工复核池，勿直接并入正式训练集,uncertain_redirect_round3_pool.csv,7,self_harm,self_harm_boundary;symptom_forum,"anxiety,depression",ok
9917525686,社恐,孙笑川,目前社恐群五十多人，我是群主，女生，如果你也是社恐可以进来聊天,,目前社恐群五十多人，我是群主，女生，如果你也是社恐可以进来聊天,,https://tieba.baidu.com/p/9917525686,redirected_or_uncertain,pending_review,,来源存疑样本；正文可见；仅作人工复核池，勿直接并入正式训练集,uncertain_redirect_round3_pool.csv,6,social_withdrawal,social_withdrawal_boundary;social_forum,,ok
5665195524,社交障碍,抗压背锅,有在深圳的吧友吗？有空一起耍啊，摈弃社交障碍，让我们的生活多,,有在深圳的吧友吗？有空一起耍啊，摈弃社交障碍，让我们的生活多,,https://tieba.baidu.com/p/5665195524,redirected_or_uncertain,pending_review,,来源存疑样本；正文可见；仅作人工复核池，勿直接并入正式训练集,uncertain_redirect_round4_pool.csv,6,social_withdrawal,social_withdrawal_boundary;social_forum,,ok
