candidate_source,candidate_reason,db_post_id,post_id,forum_name,target_forum,actual_forum,author_name,title,content,text,focus_label,priority_score,suggested_focus,redirect_status,predicted_labels,risk_level,risk_score,confidence,review_status,human_labels,review_notes,notes,post_url,human_labels_normalized,normalization_status
balanced_eval_candidates,balanced_eval:self_harm,739,8081313570,霸凌,,,,我女儿在单位被霸凌欺负，已经是抑郁症啦，我想为她做点什么，,我女儿在单位被霸凌欺负，已经是抑郁症啦，我想为她做点什么，,我女儿在单位被霸凌欺负，已经是抑郁症啦，我想为她做点什么，,violence,13,violence_or_abuse;abuse,,"self_harm,violence,depression,anxiety,abuse",high,100.0,0.97,pending_review,,,,https://tieba.baidu.com/p/8081313570,anxiety,ok
balanced_eval_candidates,balanced_eval:abuse,737,8951291500,霸凌,,,,被霸凌的你们走出来了吗？,被霸凌的你们走出来了吗？,被霸凌的你们走出来了吗？,violence,13,violence_or_abuse;abuse,,abuse,low,21.8,0.99,pending_review,,,,https://tieba.baidu.com/p/8951291500,"depression,anxiety",ok
balanced_eval_candidates,balanced_eval:abuse,740,9962443242,霸凌,,,,所有遭受校园霸凌的朋友,所有遭受校园霸凌的朋友,所有遭受校园霸凌的朋友,violence,13,violence_or_abuse;abuse,,abuse,low,21.9,0.99,pending_review,,该帖已被删除,,https://tieba.baidu.com/p/9962443242,,ok
balanced_eval_candidates,balanced_eval:abuse,400,10546638066,孙笑川,,,,被克制了 被打压了 被降服了,被克制了 被打压了 被降服了,被克制了 被打压了 被降服了,violence,11,violence_or_abuse;abuse,,abuse,low,21.8,0.99,pending_review,,,,https://tieba.baidu.com/p/10546638066，normal,,ok
uncertain_redirect,,,10490406100,家暴,家暴,孙笑川,,有多少女人被男人打了回不了娘家，娘家没指望，没人帮的？,,有多少女人被男人打了回不了娘家，娘家没指望，没人帮的？,violence,9,violence_or_abuse;source_uncertain,redirected_or_uncertain,,,,,pending_review,,,来源存疑样本；正文可见；仅作人工复核池，勿直接并入正式训练集,https://tieba.baidu.com/p/10490406100,depression,ok
balanced_eval_candidates,balanced_eval:self_harm,679,6055228869,抑郁症,,,,有没有人早上起床的时候难受的特别绝望想死的,有没有人早上起床的时候难受的特别绝望想死的,有没有人早上起床的时候难受的特别绝望想死的,self_harm,9,self_harm;distress,,"self_harm,depression",high,100.0,0.99,pending_review,,,,https://tieba.baidu.com/p/6055228869,"depression,anxiety,self_harm",ok
uncertain_academic,,,10607100158,考研,考研,孙笑川,,终于结束了，双非二本上岸c9,,终于结束了，双非二本上岸c9,self_harm,9,self_harm;source_uncertain,redirected_or_uncertain,,,,,pending_review,,,来源存疑样本；正文可见；仅作人工复核池，勿直接并入正式训练集,https://tieba.baidu.com/p/10607100158,,ok
uncertain_redirect,,,10569429002,家暴,家暴,孙笑川,,家暴无数次，我逃了是对是错,,家暴无数次，我逃了是对是错,violence,9,violence_or_abuse;source_uncertain,redirected_or_uncertain,,,,,pending_review,,,来源存疑样本；正文可见；仅作人工复核池，勿直接并入正式训练集,https://tieba.baidu.com/p/10569429002,"depression,anxiety",ok
uncertain_redirect,,,10368314549,家暴,家暴,孙笑川,,我愿意减阳寿换我爸爸去死,,我愿意减阳寿换我爸爸去死,self_harm,9,self_harm;source_uncertain,redirected_or_uncertain,,,,,pending_review,,,来源存疑样本；正文可见；仅作人工复核池，勿直接并入正式训练集,https://tieba.baidu.com/p/10368314549,"abuse,violence,anxiety",ok
balanced_eval_candidates,balanced_eval:academic_stress,342,10581953857,示例高校,,,,好慌呀还有三天就要复试了,好慌呀还有三天就要复试了,好慌呀还有三天就要复试了,academic_stress,9,academic_context;distress,,"anxiety,academic_stress",medium,53.9,0.97,pending_review,,,,https://tieba.baidu.com/p/10581953857,"academic_stress,anxiety",ok
balanced_eval_candidates,balanced_eval:academic_stress,266,10604740883,示例高校,,,,转专业焦虑中,转专业焦虑中,转专业焦虑中,academic_stress,9,academic_context;distress,,"anxiety,academic_stress",high,56.2,0.95,pending_review,,,,https://tieba.baidu.com/p/10604740883,"academic_stress,anxiety",ok
uncertain_academic,,,10622131973,示例高校,示例高校,孙笑川,,鉴于ldx同级的朋友都开了帖子讲转专业，那ldx也来水水,,鉴于ldx同级的朋友都开了帖子讲转专业，那ldx也来水水,academic_stress,7,academic_context;source_uncertain,redirected_or_uncertain,,,,,pending_review,,,来源存疑样本；正文可见；仅作人工复核池，勿直接并入正式训练集,https://tieba.baidu.com/p/10622131973,,ok
uncertain_academic,,,9631826420,考研,考研,孙笑川,,鼓励贴:择校别保守，考研比高考简单太多,,鼓励贴:择校别保守，考研比高考简单太多,academic_stress,7,academic_context;source_uncertain,redirected_or_uncertain,,,,,pending_review,,,来源存疑样本；正文可见；仅作人工复核池，勿直接并入正式训练集,https://tieba.baidu.com/p/9631826420,,ok
uncertain_academic,,,10625192167,考研,考研,孙笑川,,调剂失败了，但导师这样回复大家怎么看,,调剂失败了，但导师这样回复大家怎么看,academic_stress,7,academic_context;source_uncertain,redirected_or_uncertain,,,,,pending_review,,,来源存疑样本；正文可见；仅作人工复核池，勿直接并入正式训练集,https://tieba.baidu.com/p/10625192167,academic_stress,ok
uncertain_academic,,,10620448037,考研,考研,孙笑川,,华东师大一考生落选后举报复试第一,,华东师大一考生落选后举报复试第一,academic_stress,7,academic_context;source_uncertain,redirected_or_uncertain,,,,,pending_review,,,来源存疑样本；正文可见；仅作人工复核池，勿直接并入正式训练集,https://tieba.baidu.com/p/10620448037,,ok
uncertain_redirect,,,10609136836,焦虑症,焦虑症,孙笑川,,焦虑症其实是一个人心理进修之路,,焦虑症其实是一个人心理进修之路,social_withdrawal,7,distress;social_withdrawal;source_uncertain,redirected_or_uncertain,,,,,pending_review,,,来源存疑样本；正文可见；仅作人工复核池，勿直接并入正式训练集,https://tieba.baidu.com/p/10609136836,,ok
uncertain_academic,,,10509909206,考研,考研,孙笑川,,考研真是这个世界上最烂的考试,,考研真是这个世界上最烂的考试,academic_stress,7,academic_context;source_uncertain,redirected_or_uncertain,,,,,pending_review,,,来源存疑样本；正文可见；仅作人工复核池，勿直接并入正式训练集,https://tieba.baidu.com/p/10509909206,"academic_stress,anxiety",ok
uncertain_academic,,,10625076519,示例高校,示例高校,孙笑川,,学院叫转专业的去开会有啥事,,学院叫转专业的去开会有啥事,academic_stress,7,academic_context;source_uncertain,redirected_or_uncertain,,,,,pending_review,,,来源存疑样本；正文可见；仅作人工复核池，勿直接并入正式训练集,https://tieba.baidu.com/p/10625076519,,ok
balanced_eval_candidates,balanced_eval:self_harm,665,10599549277,抑郁症,,,,睡吧，睡一觉就结束了…,睡吧，睡一觉就结束了…,睡吧，睡一觉就结束了…,self_harm,6,self_harm,,"self_harm,depression",high,100.0,0.99,pending_review,,,,https://tieba.baidu.com/p/10599549277,"depression,self_harm",ok
balanced_eval_candidates,balanced_eval:depression,695,10583533652,抑郁症,,,,【20260324 倾诉】还有谁能和我一样孤独。现实中没朋友网络也没朋友哈哈哈,【20260324 倾诉】还有谁能和我一样孤独。现实中没朋友网络也没朋友哈哈哈,【20260324 倾诉】还有谁能和我一样孤独。现实中没朋友网络也没朋友哈哈哈,social_withdrawal,3,social_withdrawal,,"depression,social_withdrawal",medium,54.2,0.99,pending_review,,,,https://tieba.baidu.com/p/10583533652,"depression,social_withdrawal",ok
balanced_eval_candidates,balanced_eval:abuse,439,10613637347,孙笑川,,,,太爱一个人就会丧失自己吗，🐢女的独白,太爱一个人就会丧失自己吗，🐢女的独白,太爱一个人就会丧失自己吗，🐢女的独白,social_withdrawal,3,social_withdrawal,,abuse,low,21.3,0.97,pending_review,,该贴已被删除,,https://tieba.baidu.com/p/10613637347,,ok
uncertain_redirect,,,10494780093,家暴,家暴,孙笑川,,发现姑姑被家暴怎么办,,发现姑姑被家暴怎么办,violence,9,violence_or_abuse;source_uncertain,redirected_or_uncertain,,,,,pending_review,,,来源存疑样本；正文可见；仅作人工复核池，勿直接并入正式训练集,https://tieba.baidu.com/p/10494780093,"anxiety,abuse",ok
uncertain_redirect,,,10399421358,家暴,家暴,孙笑川,,如何制裁暴力狂父亲,,如何制裁暴力狂父亲,violence,9,violence_or_abuse;source_uncertain,redirected_or_uncertain,,,,,pending_review,,,来源存疑样本；正文可见；仅作人工复核池，勿直接并入正式训练集,https://tieba.baidu.com/p/10399421358,anxiety,ok
uncertain_academic,,,10619168869,示例高校,示例高校,孙笑川,,转专业中章,,转专业中章,academic_stress,7,academic_context;source_uncertain,redirected_or_uncertain,,,,,pending_review,,,来源存疑样本；正文可见；仅作人工复核池，勿直接并入正式训练集,https://tieba.baidu.com/p/10619168869,academic_stress,ok
uncertain_academic,,,10601404394,示例高校,示例高校,孙笑川,,转专业求助,,转专业求助,academic_stress,7,academic_context;source_uncertain,redirected_or_uncertain,,,,,pending_review,,,来源存疑样本；正文可见；仅作人工复核池，勿直接并入正式训练集,https://tieba.baidu.com/p/10601404394,,ok
